"row_id","group","text","predicted_sentiment"
"0","restaurants","restaurants First time coming here & NEVER coming back. Came here in the afternoon, maybe that's why it wasn't busy. \n\nWe were helped by Danielle, who didn't look happy that they actually had customers. Anyway, we ordered half a dozen donuts and a coffee. It was obvious our donuts weren't fresh because they were hard and dry. The coffee was just alright, we could've gone to Starbucks or the Human Bean just down the street. \n\nCrappy donuts & bad service is probably why they were so dead & explains the other bad review on here.","negative"
"1","tweets","tweets 'what's the date?' normal people; October 13th? Swiftie's; SWIFTOBER 13TH AAAAAAH IT'S SWIFT DAY!!!!","neutral"
"2","tweets","tweets Dual-SIM version of the Galaxy Note 5 may include a microSD slot after all: Just as we'd re... #Technology #Phone","positive"
"3","tweets","tweets The last place I wanna be going is jacksonville tomorrow.... UGH","neutral"
"4","tweets","tweets my mom stood up to congratulate Nicki then she sat down when she heard Taylor LMAO","neutral"
"5","tweets","tweets ""Unscripted theater on FS2 and people are watching Sharknado. (Well, some of it may be scripted)""","neutral"
"6","tweets","tweets @user do you guys know if Alli Simpson will be at Codys concert tomorrow?","positive"
"7","restaurants","restaurants They accidentally over charged us and Refused to give us our over charged money back.  They sent us a gift card one month later. I will NEVER go back.","negative"
"8","tweets","tweets So sad to hear about about Frank Gifford...May he rest in peace...","neutral"
"9","restaurants","restaurants Being owned by PF Chang's, I was really expecting to be wowed. Unfortunately this was not the case. I ordered the Spicy Korean Chicken, a cup of Hot and Sour Soup, and a drink. While the food was cooked perfectly there really was no flavor at all. The soup tasted like a beef broth made with buillion cubes without a single hint of sour or spice. The Spicy Korean Chicken was moist, but unless your idea of spicy is black pepper your out of luck. Yes, I know you can add some spice after the fact but when you order something spicy you expect SOME form of heat. Overall, it was not worth my $12 for lunch. I will give it another shot as I know this may have been a one off, but right now I'd rather eat at Panda Express.","negative"
"10","restaurants","restaurants Love Costco!! It has everything! Usually buy my fruits, veggie and meat. Also end up buying stuff that were not on my list. Hard to resist the deals and great price they have. They have a pretty good selection of wine, spirits and beer. Costco is also great w their returns. Ive returned something that was used because it broke. Had no receipt and they went back to my Amex connected w Costco one year back!!! Best part are the there free samples!! Portions are enough to make you full if you try most of them! Only downfall is I end up paying more than I anticipated because I end up buying more things than planned!!!!","positive"
"11","restaurants","restaurants HORRIBLE experience. Bad DJ didn't know how to transition from one song to the next. Huge gaps between the music and he wouldn't stop talking the entire time. SHUT UP. People wanna dance. \n\nOne bar in the tiny little place. Ridiculous. Had a security guard sexually harass my friend. WTF DUDE. You are suppose to be looking out. Too crowded for such a small venue. No outside area for people to smoke so everyone was lighting up on the dance floor...smart. Drunk bitches lighting people on fire.\n\nNEVER GOING BACK","negative"
"12","tweets","tweets Kurt Cobain solo album to be released in November.  I guess he's taking another shot at music.","positive"
"13","tweets","tweets @user According to reporters on the scene at practice, Lions rookie RB Mikel Leshoure was carted off field today with a left leg injury""","neutral"
"14","restaurants","restaurants If I could give this place 0 stars I would! Want there on Veterans Day for my fathers birthday. There was a group of about 15 of us in the bar. Only 4 tables in the dinning room with 3 servers and a manager. It took us 20 minutes to even get a drink order for me my mother my boyfriend and 20 month old son. At that point she was already trying to get a food order from us, are you kidding me?! Got our order in and being a waitress I always ask tables with. Kids if they want the kid food to come out first. Not only did she not ask, his come out last!\n\nMom got the brisket. I don't know why they even bothered to bring it out. You could see the fat just sitting on top. Got the salmon which was ok, but it was supposed to come with two sides but only got one. When I asked about it they aid they would get it. Maybe 5 minutes later got my Mac and cheese side. Lukewarm at best and the cheese on top wasn't even melted. My boyfriend never got one refill on his soda, even when he put it to the end of the table. \n\nNeedless to say it was a HORRIBLE experience and I will never be going back!","negative"
"15","restaurants","restaurants The bar itself was great. Service as well.  Food was surprisingly nice also.  Bartenders were attentive and friendly. The problem was the karaoke. Which is what we drove across town for.  I am presently looking for a fun venue for a large fundraiser for our company.   As a former kj, i can tell you that there is certain etiquette you should always observe.  Keep rotation fair and spaced out; even if they are your regulars (I observed the same girl do a back to back duet/solo and she was not even leaving).  You also need to pay attention to when your singer is ending and not stand there bs'ing with your regulars.  Especially in a noisy busy venue.  The KJs job is to lead the crowd for every singer who is brave enough to get up there.   Finally... The system itself is outdated.  Not enough speakers and poorly placed.  Get a better sound system, train the KJ to be courteous and this place would really be 5 stars.","positive"
"16","restaurants","restaurants I usually never write reviews on yelp, but I feel the need to in this situation because it is unbelievable how awful this place has become. First, let me clarify that I love my doctor, Dr. Bui. He is the ONLY reason why I still continue to go to this office. However, I try to avoid calling or making appointments as much as possible. I have been going to this office for over 15 years, but for the past year or so everything besides Dr. Bui is absolutely horrible. Words cannot describe how awful the front desk and office is. Without fail, every time I call the office for a need, the person on the other line is unbelievably rude. In addition, there is hardly a time when I get put on hold for less than 30 minuets, because no one knows what they're doing because. The reason I say that they don't know what they're doing is because the last time I called, while on hold, I had to tell them 3 separate times what the reason for my call was. They kept putting me back on hold and forgetting to transfer me then asking me why I was on hold again. Also, if I suddenly become sick and call to make an appointment to see a doctor as soon as possible, who ever answers the phone is almost excited and enjoys telling me that Dr. Bui is completely booked for appointments for at least a week in advanced. So pretty much I have to plan when I'm sick. The worst part is I know that when I speak to \""Martha\"" I need to prepare to be spoken to in the rudest, most unprofessional manner ever.  Finally, expect to wait for at least at least 20 minuets, after  your scheduled appointment.  :)","negative"
"17","restaurants","restaurants This was the final nail in the coffin for LV partying.\n\nSeriously, this is considered the best of nightlife in LV??\n\nNegatives:\nTop 40s music\nconfetti every 10 minutes\nevery loser with $200 can get in\nabout 1000 bouncers\n\npositives:\nevery loser with $200 can get in so getting drinks from them is easy\napparently they people smoke up in the club if you tip the DJ (could be a negative, depending on your personal opinion)\n\nAfter a long weekend in LV I realized that its like one giant amateur night for partying. Sort of like New Years is everywhere else.","positive"
"18","restaurants","restaurants This is my favorite Walmart in the Valley. \n\nThey have always been pretty speedy in checking me out. I absolutely hate waiting in line. I'm elated about the new self checkout lines they just installed. \n\nThe store is clean, and always well stocked. Partking is pretty reasonable too. A great place to pick up something quick, or putz around for an hour.","positive"
"19","tweets","tweets I saw Cowboys and Aliens... OHMYGAWD it was so stupid. Tomorrow i'm seeing The Help which i hope is better.","positive"
"20","tweets","tweets It\u2019s Friday before WPPI! Who is going this year?! I AM!! Before I leave on Sunday\u002c I wanted to give out a fun...","neutral"
"21","restaurants","restaurants Like some others, we jumped on the Living Social deal to Vivace.  I really have no idea why they threw that bone out there, as I am fairly sure they have no need of it, but since they did, we used it.  Definitely glad they did (and that we did).\n\nThe service at Vivace is second to none, as is the scenery, inside and out, though the layout of the interior is a bit odd - perhaps it is those massive red chandeliers from the bizarro Ikea world.  Or maybe it is all just a bit disjointed rather than having a nice flow to the place.\n\nThere is what I would call a dining room to the right (with a bar), a bar to the left (with bar tables, but no dining room), and another dining area upstairs (also with a bar).  The bar downstairs also has a patio and the dining area upstairs has a balcony.\n\nUnfortunately, each time I have been there, it has been at least overcast outside, if not downright scary, making those outdoor spaces less than ideal.  Still, the heaters are nice - it just makes the view less than spectacular.  Not their fault, but it does impact the usability.\n\nWhich leaves the food.  We found it to be hit and miss.  Some items are average, like the meat and cheese platters.  Good, but not great.  Others, like the fish, have a nice crispy skin in one area, but the same skin is mush elsewhere.  Then you get a nice piece of meat, say the short rib, that is tasty, but man is it rich!  Had to stop after just a few bites.  Luckily it belonged to someone else - if it was mine, I would have been disappointed that I had to stop so quickly.","neutral"
"22","tweets","tweets ""The Magic Loogie"" is one of the cleverest scenes from Seinfeld ever. For your Tuesday evening pleasure,","positive"
"23","tweets","tweets US deal with Turkey over Isis may go beyond simple use of an airbase ErDOGan arms ISIS&amp;NATO allows it!","negative"
"24","tweets","tweets Veteran day program for DDA on the 12th let us not forget the men of POW*MIA and I want to thank all the soldiers for their service.","positive"
"25","tweets","tweets If you're truly my friend you'll play David Bowie's Greatest Hits when I'm about to have my 1st kid","positive"
"26","tweets","tweets 23 Aug 00;30 #771NAS Rescue193 returned from Tresco, IoS lifted a casualty with minor injuries to RCH Treliske","positive"
"27","restaurants","restaurants decent pork chops and great tea, is what I had there recently.","positive"
"28","restaurants","restaurants The maple bacon doughnut was tasty, but the cherry fritter blew. my. mind. My iced coffee was decent as well. I anticipate returning to rainbow doughnuts!","positive"
"29","tweets","tweets @user @user For Inbetweeners movie next wednesday, going for the 8pm showing at cineworld in town, everyone to book their own tix :)""","neutral"
"30","tweets","tweets Nintendo of Europe decreased the size Target's Mario amiibo during November 21st","neutral"
"31","restaurants","restaurants I went to this place for late night food so there was not a whole lot of choice that I knew of.  The food was your typical bar food.  It was nothing spectacular but I would go back if I had to for some food.  One thing that was funny...my buddy tried to order Negro Modelo since there were signs advertising this beer and it was no longer available.","negative"
"32","restaurants","restaurants Came here and say in the drive thru for way too long, so drive up to the window thinking some would see us and help. Well someone saw us, but quickly walked away and never came up to the window. Needles to say, we drove off without food.","negative"
"33","restaurants","restaurants Disappointed.  Go to boiling crab instead.","negative"
"34","restaurants","restaurants While shopping in the Bellagio, we decided to stop here for a snack.  We shared the sliders and the Alsatian pizza.  It was soooooo good!!!!  For dessert we had the sorbet, you get 4 different flavors for $10 and it was awesome!","positive"
"35","restaurants","restaurants PUT THE SAME SIZE SHOES IN THE APPROPRIATE BOXES...and when you absolutely fail to do so please refund my credit card in a timely (not 14 days) manner.","negative"
"36","restaurants","restaurants This is a cute little coffee and gelato shop located in the Cosmopolitan. $9 for 2 scoops of gelato in a waffle cone was pretty steep, but all you need to know is that their straciatella flavor is amazing. Another thing is that I usually love Pistachio flavored things, but their pistachio gelato tasted more like peanut butter...\n\nI didn't try get to try the coffee that day because I lost in black jack, but perhaps next time?","positive"
"37","restaurants","restaurants group of 12 of us had a great time and great meal.  ordered lots of appetizers that went around the table - tasty assortment!  several craft beer fans in the group were very pleased.  one person ordered a wine cooler which came in an interesting bottle and it was very good.","positive"
"38","restaurants","restaurants Pros: Cool atmosphere. Great beer/drink selection. Fun location.\n\nCons: We waited forever for a table. There's no good waiting space. We ordered a cheese plate and it was sooooo sad. The presentation was terrible. Our friend ended up with a terrible case of food poisoning from their Flank Steak \""special\"".\n\nI like this place for the drinks and their patio is lovely when the weather is good. But...I don't think I'll ever return for the food.","negative"
"39","restaurants","restaurants This place is run down on the inside. I went in, sat down, and was scared away by how disheveled the place was.","negative"
"40","restaurants","restaurants The fabulous Katie R. and I headed to Le Br\u00fbloir on Fleury Ouest (FLO) for an Indie Coffee Passport and lunch date today. I very much enjoyed the experience.\n\nMy soy latt\u00e9 was delicious, so much so that I thought it must have been made with \""real\"" milk. I really like their espresso, which they roast in-house. \n\nI also had a grilled cheese sandwich with bacon called Le Reconfortant which was definitely comfort food. Yum! \n\nI liked the art on the walls and the sunny counter by the window and the scarecrows from the local Grade 5 class which decorated the street all along the FLO business area. Service was in both official languages: bonjour hello!\n\nFor those of you who aren't Ahunsicois, you can get to Le Br\u00fbloir by taking the orange line to station Sauv\u00e9, then the #180 bus (or a 15-minute walk). On Wednesdays in the summer, there is a weekly community picnic/food truck supper/local business promo in Tollhurst park, just a block up from the coffee shop.","positive"
"41","restaurants","restaurants Took a friend from Maine who was blown away by H&J. I had 1lb snow crab in lemon pepper and 1lb shrimp in H&J sauce. Friendly staff and casual atmosphere. Perfect place to smash some crab legs.","positive"
"42","restaurants","restaurants Who doesn't love ice cream? \n\nTheir sorbets are my favourite, namely framboise (raspberry)! All of their flavours are succulent, rich, mouth-watering, satisfying, and homemade. The service is great, friendly, and welcoming. When you walk in, you get an old school feel of Montreal, it doesn't come off generic at all. I went on an especially warm-almost-summer day after venturing along Bernard street, and it hit the spot. \n\nPS. They even have sorbet/ice cream macarons and cakes, HOW COOL IS THAT!!","positive"
"43","restaurants","restaurants We went here and were so unimpressed with the food AND the service. We went soon after they opened for the day and there was nobody there at the front counter. The cook was there but they had no idea how to work the register. ( not their fault ) but I wasnt impressed at all and I wont go back here.","negative"
"44","restaurants","restaurants I would definitely come here again! Really fun place, unique and great tasting food, and you can see them making the noodles!!!!!\n\nWOW the food is impeccable. Everything from the dumplings to the noodles are fresh, flavorful, and served beautifully. Both the cold noodle dishes and hot ones are amazing.  The dumplings burst with flavor and pair amazingly with the thin noodles. I recommend the Sesame Cold Noodles with Chicken and the Hot Spicy Wonton Noodles as entrees -- both are delicious!\n\nIt is really cool to see the chefs making fresh noodles, nice touch to the place! Awkwardly, the Thai iced tea we ordered was bought from the place next door... Also, I wish they had more choices for protein, particularly the ability to substitute tofu in dishes or swap out pork for chicken. The service is great -- our waiter was always available and routinely provided refills on drinks. Definitely check this place out!!!!!!","positive"
"45","tweets","tweets @user iThink they may introduce the iphone 6S but my cuzzo said the AppleWatch Red and new macbook size","positive"
"46","tweets","tweets West Yorkshire Police & CPS have advised Danny Care he will not be charged in relation to alleged sexual assault in Leeds on March 3.","negative"
"47","restaurants","restaurants Go to Walgreens instead, it is cheaper and better","negative"
"48","tweets","tweets Alone at a McDonald's. Few vestibules away people are talking about Mar's presidency run while the other table talks about Nicki's VMA feud.","neutral"
"49","tweets","tweets @user SBS popped it into an earlier time slot\u002c across 3 weeks- so I missed the 1st one- (maddening!) but watched online- was v good.","neutral"
"50","restaurants","restaurants I completely agree with Elli with too many employees standing around and top it off the GM is doing the same \""looking like an idiot.\""  I can't believe that's how they get paid, I'm surprised they haven't been fired.  They are surrounded by many small business owners waiting for \""a handout?\""  Apparently they are not well-mannered and did not get trained.  How are they in still in business or do they think they are not in competition with OfficeMax which is down the street.  Yes, they are rude and they think that by \""telling\"" me instructions on how to operate a fax machine thinking I can hear them.  Hel-l-l-o-o, I'm deaf you moron!  RUDE, RUDE, and RUDE!  I've come once a year for three years hoping they have changed, nope they're still rude and I will see that their business gets closed sooner.","negative"
"51","restaurants","restaurants The only thing I enjoyed was sitting outside and people watching. \n\nMy husband and I came for dessert and drinks and it definitely wasn't worth what we paid (like many places on the strip). \n\nThe martinis were tasty, but not $16 tasty...worth about $10 in my book. I had high expectations for the desserts (it's called the Sugar Factory after all...) and they fell short. I feel like I could have made my fruit tart at home with a flakier, less \""hope this fork doesn't bend when I cut this\"" crust. My husband's chocolate cake thing had beautiful presentation but was way too rich. I get that that was the point, but it was more ganache-like than I would have liked. \n\nProbably wont go here again, nor would I recommend to friends.","neutral"
"52","restaurants","restaurants How can anyone rate this 2 stars let alone 5? Walked in and the place was oozing with garbage! Look over the counter and there is dirt and grime everywhere. Lady had no clue how to do math helping us. I had a buy one get one free coupon for smoothies and she couldn't figure out how to deduct one smoothie and tried overcharging me 3 times before I had to tell her the total. The donut we tried was fine but the smoothie and cookie and cream iced drink was horrendous! I will never go back to this trash bucket.","negative"
"53","movies","movies everything that was right about blade is wrong in its sequel .","negative"
"54","restaurants","restaurants My dining companion (formally known as Mom) and I are in Verrado every Thursday night for chiropractor night. Since it's dinner time by the time we're done, we decided to pop \""downtown\"" for some food and wine. Neither of us have dined in Verrado except for at the golf club, but being familiar with the sister wine and coffee bar in Goodyear, Ground Control seemed like a decent option.\n\nDecent was probably apt, but I wouldn't go as far to call it \""excellent,\"" or \""must try,\"" or even \""a really good choice.\"" We walked in and, without a sign, waited for someone to seat us or invite us to seat ourselves. Mom finally asked a server, who told us to have at. We chose a table in the back that was half booth, but as soon as we sat, I realized the table setting, consisting of some coasters, and plastic holder for sugars, and the salt and pepper, were rather habberdash, with an extra plastic holder on the other side of the table, alone and empty. But the table looked clean so we forged ahead. A few minutes later, the bartender appeared and took out drink and food order. We both ordered the same wine, which the bartender returned to inform us several minutes later, he ran out of, but would provide the other version of pinot grigio, the more expensive version, at the price of the one we requested. This was completely reasonable and earns the bartender a star. \n\nOur food took a little longer because Mom ordered the Shepherd's pie, but arrived timely enough for the half-full restaurant. As soon as my Ham and Brie panini with salad was in front of me, I realized I was hungrier than the cook must have estimated, and asked for a side of fries. The salad was a nice, fresh looking mix of spinach and bright greens nearly drowned in balsamic. The \""sandwich\""was a couple pieces of ham smooshed between two sad pieces of rosemary flat-with-a-capital-F flatbread. I peeled the mess apart to study it, and found two teeny tiny pieces of brie for each half of the sandwich, and two slices of soft apples on only one half. I forged ahead and bit into my extremely dry, bland meal. I ate about three-quarters of the sandwich before I gave up and went to town scraping most of the balsamic off my salad, and this from a girl who loves her some bals. The chef brought out my fries, which were pretty good, and asked how the food was. Mom and I both hate to cause a scene, so we assured him everything was fine.\n\nMom, meanwhile, kept fishing in her shepherd's pie for veggies beyond the couple of peas I saw her scrape out. Her evaluation after the meal was that the mashed potatoes were good, but not lumpy, as she prefers, and there was a ton of ground beef but very few veggies. \n\nBut our wine was good, and the bartender gets no complaints from me. \n\nI know Verrado is a bit out in the boonies to say the least, but it would be really nice if some Cen Pho-type restaurant took a chance out there. Ground Control's atmosphere has potential, but it's still pretty generic looking; maybe some local artists could contribute to the decor. The food, at least the ones we sampled tonight, is mediocre at best. The group a few tables down from us, however, seemed delighted with their burgers, so maybe that's the way to go. I'm more than willing to give Ground Control another shot, especially because I love supporting small business owners, but it isn't at the top of my list.","negative"
"55","restaurants","restaurants The lady runs this with her parents (her name isn't Rose) and they do an awesome job! She also gave me a discount out of nowhere when I came to hem two of my dress pants.\n\nThis is my to-go place now since they're reliable, on time, and the prices are pretty reasonable. Hemming for pants is $10 each and different tailoring are differently priced. Just call and ask!\n\nI wasn't in a rush to get my pants back so I gave her however much time she needed to hem but timing doesn't seem much of a problem for them. Of course, as I haven't needed anything done quickly, I can't really judge there yet. :)","positive"
"56","restaurants","restaurants So this happens to be the best coffee shop in the Mesa area. They renovated to add a barbershop in the anterior and the coffee shop makes up the posterior; and yes you walk through the barbershop to get to the coffee shop but I and my wife have never had an issue with this. All of the baristas are extremely welcoming and the coffee is served drinkable instead of lava-hot. I have had my hair cut there and let me tell you that it is hellishly convenient to have a coffee shop of this caliber attached to a barber shop; never a bad idea to stop in early for a hair appointment when you can sip a coffee!","positive"
"57","tweets","tweets ""3rd Annual Women's Day was another one for the books, it's getting bigger and better, Thank you all, great effort #TeamGDCF.""","positive"
"58","movies","movies manages to be both hugely entertaining and uplifting .","positive"
"59","tweets","tweets @user nirvana, any time someone says the season winter out loud, the """"may I offer you an egg in this trying time"""" quote, dead girl wal""","neutral"
"60","restaurants","restaurants I like this place. As a number of other people have mentioned, the chips and salsa are great. The horchata is also delicious and they give you free refills (utter madness but I love it). However, it wasn't the best mexican I've had, not even close to the top 5. For whatever reason, I was craving enchiladas. They did not turn out well. The sauce that came on the enchilada tasted like it was from a can. just terrible. My girlfriend's meal was much better. She had two steak tacos that looked pretty tasty. She really enjoyed  her meal. I'll be back to see if they just misfired on the enchiladas.\n\nUpdate: I came back and ordered the fish tacos. they were not good. won't be back.","positive"
"61","tweets","tweets 10k on the Feminism of Magic Mike XXL due on my desk tomorrow.","positive"
"62","tweets","tweets Tomorrow for my birthday, I'll be carrying around a boombox on my shoulder, listening to Ric Flair by @user all day.","positive"
"63","restaurants","restaurants This is hardly a great French restaurant.. I would say its mostly a tourist trap with mediocre food that is severely over priced for the quality. The service and view were decent enough but the food quality was pretty bad. \nMe and the Mr took his elderly Aunt and Uncle there so it was more about family then the food which in this case was a good thing.\n\nI still like the name though.. has a special ring to it!","negative"
"64","tweets","tweets Stoops got the record 10th win against saxet!","positive"
"65","movies","movies like shave ice without the topping , this cinematic snow cone is as innocuous as it is flavorless .","negative"
"66","restaurants","restaurants Service wasn't great... Salsa wasn't bad.. Food was not that great. Beans and rice looked like they came out of a bucket and beans looked like they were burnt onto the  plate. We will not be coming back here. :(","negative"
"67","tweets","tweets ""Just a quick note- Hulk Hogan was a bad wrestler anyway. C'mon now, the leg drop? Give me a break.  Back to real sports- Go Yankees!""","neutral"
"68","restaurants","restaurants The instant I entered the hotel lobby the very first thing I noticed was the scent. It smells like gardenias. More specifically like Fracas perfume. I was instantly smitten. The hotel is one of the newest addition to the strip, built less than a year ago. It's the sister hotel to the Venetian. The appearance of the Palazzo's lobby was very elegant and grand. There's a fountain at its center that stands under a large glass cupola. Old world Italian design is the main architectural theme of the hotel. The casino was sparkling clean and was not yet imbedded with the scent of cigarette smoke like some of the other long standing casinos on the strip. I later learned that the hotel is a LEED (Leadership in Energy and Environmental Design) certified property, smoking is off limits for the majority of the hotel, including 50 percent of the casino. It is the worlds largest LEED certified building. One thing that I was so taken with about the Palazzo was that each and every room is a suite. With not 1 or 2 flat screen TVs, but a whopping 3. I died. One in the living area, one in the bedroom, and most importantly one in the bathroom. Speaking of the  bathroom, it's well stocked with Agraria Lemon Verbena bath products. The service and attention to detail and quality at the hotel, casino, restaurants, and shops at the Palazzo was top notch. I'd stay here again and recommend it to others.","positive"
"69","tweets","tweets @user it's almost as serious as THIS SUNDAY NIGHT WHEN JOHN CENA DEFENDS THE WWE WORLD TITLE AT WWE SUPERSLAM!!!","positive"
"70","restaurants","restaurants There is something about this Russian restaurant that always makes me feel like I'm having a homecooked meal.  You wouldn't guess based on the outward appearance, basically a storefront in the shopping center by the Copp's in Fitchburg, but this is really a top-notch restaurant.  I'd never really tried Russian cuisine other than the beef stroganoff that was my father's speciality and a couple of late-night stops at Pelmeni (RIP) before coming here with a friend last year.  He's part Polish descent and he kept saying how much the food reminded him of the meals his grandmother used to make when his family would visit Milwaukee years ago.  I'm not Russian or Polish and my two grandmothers' delicious meals were standard American fare, so I wasn't expecting to share his nostalgia.  But the food here has the unmistakeable quality of good comfort food that just feels like home.  \n\nI set the bar pretty high on my first visit, trying the \""Zarski\"" stuffed pork loin with a spring salad and buckwheat (kasha).  This coupled with several Baltika #6 Porters made for a very filling meal and a strong desire to return.  The next time I came with my father, who went for the beef stroganoff to see how it measured up to his own.  This entree comes without accompanying noodles like my father has always done, but the beef with sauce is so rich and thick it did not seem to require anything else.  My father really enjoyed this, and has subsequently ordered it every time since, but his real love was the kasha.  I went with the stuffed cabbage, which is a dish that I've never really loved before.  Arbat's has a something more, maybe the spice or the tomato sauce, that puts it over the threshold.  This turned out to be the perfect meal on cold March night, and I came away convinced that this was going to be a regular destination.\n\nI've tried a decent amount of the menu to date, and I still put the stuffed pork loin with the kasha as my all-time favorite.  The pelmeni dumplings are delicious but it always seems like they're missing something without the spicy red sauce I used to get at Pelmeni on State.  The potato and cheese vareniki are really amazing, and the meatballs with mushroom sauce are pretty good themselves.  I'm personally a big fan of the Russian and Lithuanian beers that are served, but be careful because these are powerful - around 6 to 8% ABV - and come in big half-liter bottles.  There are only a couple of things that keep this place from being a no-doubt five star place.  The location does leave a bit to be desired for atmosphere, and the restrooms aren't even in the same place - you need to walk into the lobby of whatever is next door, and once the lights didn't even work.  Last winter we were seated next to the door, which led to cold blasts of February air every time someone came or went.  This didn't bother me as much as it did my mother, but it would be nice if they had some kind of curtain or something.  Also, there only seems to be one server every time I've been and on busy nights it can be a wait.  But these are minor trifles compared to the greatness of the food.  Whenever the winter seems to drag on forever or I just feel the need for something comforting, I'll make my way here.","neutral"
"71","tweets","tweets Finally get to use my GC from Mother's Day for a facial and massage tomorrow! Now I can act like I'm the stay at...","positive"
"72","restaurants","restaurants Stayed at the Aria and this was really the only meal-meal we ate in the hotel.  It was delicious!  The jalapeno margaritas are just the right amount of lime and spice.  My chicken fajitas were made with Jidori chicken (who does that!?!?!  Vegas, that's who) and were ridiculously good.  \n\nLike many restaurants in Vegas (and especially the newer casinos), it's loud so if you're looking to whisper sweet nothings in your honey's ear, she won't hear you.  Also, it seems to attract bachelorette parties (we saw three while we were there) so prepare for some shrieking with your guacamole.","positive"
"73","restaurants","restaurants a while back i went to get highlights one of the hair stylist  forgot her name ..  she had pink hair .fried my heir  to the point of having bold spots and ending up with green hair , i called management to get my  money back they didnt do  nothing for me no compensation what so ever , i promised  my self i will let everyone know how incompetent this place is","negative"
"74","tweets","tweets .@youtube via the last time it was Sarah Louise Palin this moment Willard Mitt Romney or thursday Joseph Robinette paul","neutral"
"75","restaurants","restaurants Everything was wrong we will never return. First off our food took forever I felt bad for waiter he kept apologizing and explain the kitchen was backed up. The restaurant was not that busy. Once our food finally arrive it tasted terrible I should have sent it back but I just wanted to go home by that point. We paid our bill, tipped our waiter and just went home.","negative"
"76","restaurants","restaurants Khobez (filled naan wraps) is the spicy speciality of this takeaway on George IV Bridge, but that doesn't mean they don't have a wide range. The choice of fillings can be a bit daunting but staff are always willing to advise to suit your tastes. They do very tasty felafel and extremely tasty stuffed vine leaves too for special occasions.","neutral"
"77","restaurants","restaurants When did Dave and Buster's become a daycare?? Everywhere you look, there are signs that say kids must be accompanied by an adult, but apparently no one was honoring that at 6PM on a Saturday. I couldn't even walk through the place without someone shoving me. AHHH!\nI get that Dave and Buster's is an arcade and that you're going there to play some games, maybe eat, and kill some time. When I last went there a few years ago, we there for my bachelor party, and while I'm sure we got into some shenanigans, I don't remember children running wild there. We were having adult beverages, playing games, and having a good time. This time, it was ridiculous. It isn't Chuck E. Cheese, yet that's how parents seem to be treating the place.\nOn top of that, the customer service sucked. The place is gigantic, with tables and serving areas everywhere, yet on a Saturday at 6PM, the hostess told us (after interrupting us three times to chat with the other hostess) told us it would be a three hour wait, despite the fact that there were empty tables all over the dining room. I suspect this is a ploy to get you to play games and spend money until you're table is ready, but the food at Dave and Buster's is not worth a three hour wait on any day.\nThe hostess told us we could be served right away if we went to the midway and found an empty table, so we attempted that. Most of those tables were empty with usually one or two adults at a giant empty table filled with coats who informed us that they needed the table because their kids would be back soon after playing games. Next, i engaged in the most rudest thing I've ever done- I began stalking tables where people were finishing up. I would walk up to people paying their check, ask if I could have their table when they were done, and they would inform me that there were already two or three people who asked them and I should get in line.\nFinally, we found a table and proceeded to spend two hours eating dinner. It wasn't because we ordered a lot of food- it was that the waiter took forever to bring our food out. He seemed to have no problem getting us fresh drinks, until we drank as much as we could and then asked for water. After that, he seemed to come around a lot less. \nI had the build your own chicken tacos, which comes on a giant plate with all kinds of fixings. The fixings were fresh, but the chicken was cold and dry, and the tortillas were dried out as well. For $14, it wasn't worth it. \nAfter dinner we proceeded to play games, which entails shoving people to get through areas and waiting in line to play anything. \nAll in all, I didn't like my experience at Dave and Busters. I remembered it being a fun place to go and unwind as an adult. but between all the kids and the crappy service, can't recommend this place. If anyone asks me to go back, I may elect to stay home and poke my eyes with a fork.","negative"
"78","restaurants","restaurants All I could say is this place is a hidden jewel. Best pho...clean, reasonable price, great front waitress, great food. \n\nWhy go  to pho Kim long...price not worth the portion and honestly taste bad. \n\nGooooo kinh do pho!!!","positive"
"79","tweets","tweets Blake Griffin Poster Dunk over Kendrick Perkins (6ft.10) in HD (Jan. 30) that\u2019s why you roll after a pick.","neutral"
"80","tweets","tweets I wanted to look nice for tomorrow but I'm probably just going to wear my fleetwood Mac shirt again.","neutral"
"81","tweets","tweets Watch the first clip from Bronnt's new soundtrack to Arsenal. Playing live #BSFF @user on Sunday #SilentFilm","neutral"
"82","restaurants","restaurants Steer clear of the lamb gyro - the meat is truly awful. It was dry, chewy, and tasteless. I don't know how a gyro could go wrong. I love gyros. This was just absurdly disgusting. The bread was burned. The entrees came out one at a time over a period of 15 minutes. Also, they got the order wrong two times, but they did correct this without much difficulty. We just decided to cut off the incoming food by telling them we would pay for whatever we currently had on the table.\n\nBear in mind that we are Pakistanis and were taught to finish ALL of our food so we literally clean our plates! I felt awful leaving the gyro meat on my plate but I honestly couldn't tolerate eating it.\n\nPluses: chicken shish kabob was palatable. Yogurt sauce on top of everything made the rest of the food almost edible.\n\nOwners/wait staff - please don't be offended. I am not writing this to be mean spirited. It was just an unfortunate experience.","negative"
"83","restaurants","restaurants Stayed here for a wedding this past October and my favorite part of the experience was that they allowed my dog free of charge and there's a great dog park around the corner.  They even offered her a doggy bed.\n\nSo that being said, the room was fine, it was clean.  Check-in and out was smooth and everyone was nice.  The pool was smallish, but there was a water slide that they will turn on if you ask.  Unfortunately, it's not meant for adults and there were a couple close man overboards.\n\nHere's my beef: I road trip a lot and even at cheaper accommodations such as Super 8 they offer a free continental breakfast and free wifi.  No such luck here.  I prefer Marriotts where they offer not only a continental breakfast but often also often offer some happy hour snacks, unfortunately Marriots charge too much for my dog to stay. \n\nThe restaurants in the hotel were not worth the price, and other options were not walking distance.  At least parking was free and there was a mall not too far away.\n\nHere's the other beef:  We were here for a wedding and the bride and groom specially reserved a suite so that they could party after the ceremony.  About 11 o'clock on the wedding night, which happened to be Halloween and a Saturday, the hotel staff told them to keep down the noise and that everyone should go back to their own rooms.  It was not a loud gathering.  There wasn't music playing and everyone was in their 30s, so we're not talking a crazy time.\n\nI guess this is more of a quiet old person's hotel so if you're looking to have a few drinks at your fancy hotel suite after a wedding on a Saturday night this isn't the place for you.\n\nMy boyfriend recommends the Bloody Mary's served at the bar in the lobby.","neutral"
"84","tweets","tweets #NowPlaying in the Treehouse :  Bob Marley Vs. Funkstar De Luxe - Sun Is Shining  ... Tune In at","positive"
"85","restaurants","restaurants Without a doubt, one of the best values (hah, clearly a relative concept) in all of the new strip -- and probably some of the best non-designer food to be had there as well.  Although I was very dissapointed in the dan dan noodles (very soupy), the potstickers and the Singapore mei fun were super yummy.","positive"
"86","tweets","tweets Who will take the stage in the first Republican Debate this Thursday in Cleveland? Will Ohio Governor John Kasich...","neutral"
"87","restaurants","restaurants Only go here if you don't wait in line, the cover is waived and someone else pays your drinks. I'm not even sure what hotel this place is in. When I got sprayed with water I was done.","negative"
"88","restaurants","restaurants This weekend was the second time I had stayed at Caesar's in the space of a month. I am a total rewards member and I go to Vegas about 5 or 6 times a year. I think the whole hotel is quite nice and the service is decent except for the front desk! \n\nOn my earlier stay about three weeks ago I had gone to speak to someone at reception to make sure I wasn't being double charged for the resort fees and the man at reception who was actually quite polite had called over his supervisor to answer the question as he was unsure. He was completely rude to me and I had to walk away because I was just shocked at the attitude of a \""supervisor\"".\n\nSo on my most recent stay I was staying in the Augustus tower and when I had checked in I had asked for a room facing the Bellagio. No problem so far.... My wife and I get up to the room and we can't get in and the room was facing the wrong side. I went downstairs got in the huge line again and was then told several times by the gentleman at reception that it was probably because I had put the room card by my phone to which I replied that cannot be the case as I was holding it the whole time. He was having none of it and making out like I was lying. Once he checked the card he realized that they had actually put in the wrong room number on the card and it was there mistake. When I asked to get moved to a Bellagio facing room I was told it was not possible as I had checked in 2 hours ago..... hmmmm strange... All I had done was walk to the room and back and I was being told I had been there for two hours. I tried to explain that was not the case to which he said he would \""call\"" to ask. \n\nNo idea who he would need to call, I am sure that is something they can checl on the the computer screen but he said no. \n\nThe rest of my stay was fine and I think the hotel has everything you can want but the fact the people at reception are so rude just starts your trip on a bad note.","negative"
"89","restaurants","restaurants The @WestWindDriveIn  is located on N Rancho & Caresy right near @statoioncasinos TEXAS Station.\n\nJust $6.50 for Adults/KIDS ARE FREE for a Double-Feature of NEW release movies. If you stay late they do play a 3rd movie.\n\nBEST DEAL AROUND!!!\n\nThey have a snack bar with popcorn,Nathans hot dogs,pizza,nachos and soda plus video games and restrooms.\n\nDuring the summer bring your lawn chairs and BBQ they let you cook out and this place really gets rockin'","positive"
"90","restaurants","restaurants I really enjoy this place and I may have to visit again to give it another star. I have been here once for lunch and another time for happy hour. The prices during both of these times were very reasonable. What i was impressed with the most was the selection of beer that they have. Being here in AZ it was the first time I have seen any Rouge beer on tap. During happy hour all drinks were half off making a delicious brew of Rouge hazelnut brown an amazing $3.50. The appetizers aren't your normal fried bar food you would find most places either. Along with my friends we split the meatball appetizer, the stuffed portobello mushroom and the oven roasted wings (medium).\n\nThe meatball appetizer came on a triangle plate with a generous helping of their red sauce in the middle. The three meatballs were cut in half and placed on skewers laying lightly in the marinara sauce. The meatball was juicy and the sauce complimented it nicely. This is a true definition of an appetizer because it was just enough to start off your meal but not enough to make you full. I would take great taste over a full stomach when it comes to an appetizer any day. \n\nThe portobello mushroom also tasted great, stuffed with cheese and spinach with a drizzle of a balsamic vinaigrette on the top of it. Once again great taste but not so filling.\n\nThe wings were excellent, with them being oven roasted the flavor of the juicy chicken and the sauce on the wings was amazing. The meat was falling off the bone. \n\nI have also had the pizza from here and I love the creative specialty pies that are available. The pizza we had was a \""hot potato pie\"" which came with potatoes, bacon, onion and a drizzle of sour cream. There was no red sauce with this pizza. The flavor combo was interesting and good. I was looking forward to eating the crust the most, it was delicious. \n\nMy recommendation is to try this place for happy hour and try a couple of appetizers off the menu with a tasty craft beer.\n\nQuick Note: I have always wanted to come in on a Wednesday for \""WTF?? Wednesdays\"" where for $3 I believe you get a mystery beer in a brown paper bag haha.","positive"
"91","restaurants","restaurants Wow, I have never received such crappy service in my life. The Barista must've worked for the welfare office or dmv, or another city service job, cause her attitude showed. Sometimes these people forget what they do and who they work for. Avoid this location, either go to the on on camelback or 7 st.","negative"
"92","tweets","tweets @user @user the March Against Monsanto movement shows that we can kick their butts in the market place despite their control.","neutral"
"93","restaurants","restaurants If I'm in the mood to put on a few pounds I like to come to Geno's for a \""famous Philly\"" and an order of the bacon ranch fries. The bacon ranch fries are ridiculously good eatin and ridiculously bad for you at ethe same time. I always get the traditional Philly cheesesteak and have never tried any of the other sandwiches or hamburgers. My wife likes their pitas. They do have other options such as deli sandwiches or hamburgers, which is nice. A lot of the Yelp reviews indicate service is an issue but that has not been a problem for me. Once I ordered a couple of sandwiches \""to-go\"" and when I got home found out that my wife's pita had onions on it when she asked for them to be taken off. I called Geno's and told them. The girl that answered the phone told me a new one would be waiting when I got back. I live 5 minutes from there and when I walked inside it was just being finished. Overall the food and the service are good. I will be back.","negative"
"94","tweets","tweets You know what sucks about Battleground this Sunday? Dean Ambrose is not booked!!","neutral"
"95","restaurants","restaurants roughly $60 per person brazilian buffet...starting at self-serve salad bar...handsome spread of vegetables, shrimp, cured meats, olives and more...meats carved at table side...sausages, chicken, beef, lamb, etc...lamb good...meats can be tough, so be selective...great salad bar...great sides..love the cooked plantains..decent typical meats...","positive"
"96","tweets","tweets ""Children from 1st grade are taught Islam will take over the world so the 12th Imam can rise amid smoke &amp; fire to rule his domain, THE DEVIL!""","neutral"
"97","tweets","tweets 2NE1 rocks Okinawa with stylish airport fashion: On 2012 October 28th\u002c","positive"
"98","restaurants","restaurants OK, \nSo you know how you go to a fast food joint and the burgers on the menu behind the counter are shown all nice and big and juicy, but when you order it, it turns out to be an overcooked, undersized, nothing remotely close to a sandwich even worthy of being called a reasonable facsimile thereof? Well, Fattburger has mastered this process...inversely. The picture on the menu did not even begin to do justice to the mammoth, gigantic, huge, swollen, bloated mass of beef served greasily to me between the two unfortunate slices of bun forced to bear the weight of this thing. To make matters worse (or better, depending on one's POV), I had an additional patty, avocado and bacon added to the behemoth. \n\nThe ride back to the hotel was arduous. The aroma of the fried beast filled the car, beckoning to my hunger to stagger at the next red light and take a large bite from this beefy buffet. Wisdom prevailed, however, as I knew that once the beast was unleashed, it would go neither quietly nor cleanly back into its now saturated paper encasing. Must hurry. \nBarely, but successfully, I transported the package to my room, bag intact, where it was stripped down to its full, naked, delicious elegance. At last, we are alone, you and I. Come. \n\nWith all my hunger, I was still not able to finish. \""Fatt\"" does NOT accurately describe the girth of this burger. Try as I might, a happy plate (bag rather) was not to be. Stomach capacity exceeded. Digestion activated. Food coma eminent. Not to worry. With a refrigerator and microwave readily available, we shall meet again very soon. Abdominal pain setting in. Oh Lord, please let me make it thru the night. \n\nIf you find yourself in Vegas, be sure to treat yourself to a Fattburger. I warn you, though. Do not underestimate this sandwich, for it is Fatter than its Fatt namesake. Also, I don't recommend more than one within a six month period. Your heart and grandkids will thank you. \n\n\""S\""","positive"
"99","restaurants","restaurants Ah Fameux. So reliable for the late night poutine, especially gratin\u00e9 style where they take your poutine and put it in the oven and make the cheese all crispy and gooey and magique. This place has been in the same Greek family for 3+ generations, and they serve up a big menu of Quebecois fast food diner eats with speed and a sense of humour. Brown wooden booths, windows on Mount Royal and St Denis, a limited bar with just enough options to do you damage. The Star Burger comes with an onion ring and curd cheese and might give you a heart attack, but at least you'll die happy.","positive"
